-- phpMyAdmin SQL Dump
-- version 4.8.2
-- https://www.phpmyadmin.net/
--
-- Servidor: 127.0.0.1
-- Tiempo de generación: 18-07-2020 a las 19:29:51
-- Versión del servidor: 10.1.34-MariaDB
-- Versión de PHP: 7.2.8

SET SQL_MODE = "NO_AUTO_VALUE_ON_ZERO";
SET AUTOCOMMIT = 0;
START TRANSACTION;
SET time_zone = "+00:00";


/*!40101 SET @OLD_CHARACTER_SET_CLIENT=@@CHARACTER_SET_CLIENT */;
/*!40101 SET @OLD_CHARACTER_SET_RESULTS=@@CHARACTER_SET_RESULTS */;
/*!40101 SET @OLD_COLLATION_CONNECTION=@@COLLATION_CONNECTION */;
/*!40101 SET NAMES utf8mb4 */;

--
-- Base de datos: `udenar`
--

-- --------------------------------------------------------

--
-- Estructura de tabla para la tabla `ciudad`
--

CREATE TABLE `ciudad` (
  `codigo` varchar(5) COLLATE utf8_unicode_ci NOT NULL,
  `nombre` varchar(100) COLLATE utf8_unicode_ci NOT NULL,
  `codDepartamento` varchar(2) COLLATE utf8_unicode_ci NOT NULL
) ENGINE=InnoDB DEFAULT CHARSET=utf8 COLLATE=utf8_unicode_ci;

--
-- Volcado de datos para la tabla `ciudad`
--

INSERT INTO `ciudad` (`codigo`, `nombre`, `codDepartamento`) VALUES
('05001', 'Medellin', '05'),
('05002', 'Abejorral', '05'),
('05004', 'Abriaqui', '05'),
('05021', 'Alejandria', '05'),
('05030', 'Amaga', '05'),
('05031', 'Amalfi', '05'),
('05034', 'Andes', '05'),
('05036', 'Angelopolis', '05'),
('05038', 'Angostura', '05'),
('05040', 'Anori', '05'),
('05042', 'Antioquia', '05'),
('05044', 'Anza', '05'),
('05045', 'Apartado', '05'),
('05051', 'Arboletes', '05'),
('05055', 'Argelia', '05'),
('05059', 'Armenia', '05'),
('05079', 'Barbosa', '05'),
('05086', 'Belmira', '05'),
('05088', 'Bello', '05'),
('05091', 'Betania', '05'),
('05093', 'Betulia', '05'),
('05101', 'Bolivar', '05'),
('05107', 'Briceño', '05'),
('05113', 'Buritica', '05'),
('05120', 'Caceres', '05'),
('05125', 'Caicedo', '05'),
('05129', 'Caldas', '05'),
('05134', 'Campamento', '05'),
('05138', 'Cañasgordas', '05'),
('05142', 'Caracoli', '05'),
('05145', 'Caramanta', '05'),
('05147', 'Carepa', '05'),
('05148', 'Carmen De Viboral', '05'),
('05150', 'Carolina', '05'),
('05154', 'Caucasia', '05'),
('05172', 'Chigorodo', '05'),
('05190', 'Cisneros', '05'),
('05197', 'Cocorna', '05'),
('05206', 'Concepcion', '05'),
('05209', 'Concordia', '05'),
('05212', 'Copacabana', '05'),
('05234', 'Dabeiba', '05'),
('05237', 'Don Matias', '05'),
('05240', 'Ebejico', '05'),
('05250', 'El Bagre', '05'),
('05264', 'Entrerrios', '05'),
('05266', 'Envigado', '05'),
('05282', 'Fredonia', '05'),
('05284', 'Frontino', '05'),
('05306', 'Giraldo', '05'),
('05308', 'Girardota', '05'),
('05310', 'Gomez Plata', '05'),
('05313', 'Granada', '05'),
('05315', 'Guadalupe', '05'),
('05318', 'Guarne', '05'),
('05321', 'Guatape', '05'),
('05347', 'Heliconia', '05'),
('05353', 'Hispania', '05'),
('05360', 'Itagui', '05'),
('05361', 'Ituango', '05'),
('05364', 'Jardin', '05'),
('05368', 'Jerico', '05'),
('05376', 'La Ceja', '05'),
('05380', 'La Estrella', '05'),
('05390', 'La Pintada', '05'),
('05400', 'La Union', '05'),
('05411', 'Liborina', '05'),
('05425', 'Maceo', '05'),
('05440', 'Marinilla', '05'),
('05467', 'Montebello', '05'),
('05475', 'Murindo', '05'),
('05480', 'Mutata', '05'),
('05483', 'Nariño', '05'),
('05490', 'Necocli', '05'),
('05495', 'Nechi', '05'),
('05501', 'Olaya', '05'),
('05541', 'Peñol', '05'),
('05543', 'Peque', '05'),
('05576', 'Pueblorrico', '05'),
('05579', 'Puerto Berrio', '05'),
('05585', 'Puerto Nare (La Magdalena)', '05'),
('05591', 'Puerto Triunfo', '05'),
('05604', 'Remedios', '05'),
('05607', 'Retiro', '05'),
('05615', 'Rionegro', '05'),
('05628', 'Sabanalarga', '05'),
('05631', 'Sabaneta', '05'),
('05642', 'Salgar', '05'),
('05647', 'San Andres', '05'),
('05649', 'San Carlos', '05'),
('05652', 'San Francisco', '05'),
('05656', 'San Jeronimo', '05'),
('05658', 'San Jose De La Montaña', '05'),
('05659', 'San Juan De Uraba', '05'),
('05660', 'San Luis', '05'),
('05664', 'San Pedro', '05'),
('05665', 'San Pedro De Uraba', '05'),
('05667', 'San Rafael', '05'),
('05670', 'San Roque', '05'),
('05674', 'San Vicente', '05'),
('05679', 'Santa Barbara', '05'),
('05686', 'Santa Rosa De Osos', '05'),
('05690', 'Santo Domingo', '05'),
('05697', 'Santuario', '05'),
('05736', 'Segovia', '05'),
('05756', 'Sonson', '05'),
('05761', 'Sopetran', '05'),
('05789', 'Tamesis', '05'),
('05790', 'Taraza', '05'),
('05792', 'Tarso', '05'),
('05809', 'Titiribi', '05'),
('05819', 'Toledo', '05'),
('05837', 'Turbo', '05'),
('05842', 'Uramita', '05'),
('05847', 'Urrao', '05'),
('05854', 'Valdivia', '05'),
('05856', 'Valparaiso', '05'),
('05858', 'Vegachi', '05'),
('05861', 'Venecia', '05'),
('05873', 'Vigia Del Fuerte', '05'),
('05885', 'Yali', '05'),
('05887', 'Yarumal', '05'),
('05890', 'Yolombo', '05'),
('05893', 'Yondo', '05'),
('05895', 'Zaragoza', '05'),
('08001', 'Barranquilla', '08'),
('08078', 'Baranoa', '08'),
('08137', 'Campo De La Cruz', '08'),
('08141', 'Candelaria', '08'),
('08296', 'Galapa', '08'),
('08372', 'Juan De Acosta', '08'),
('08421', 'Luruaco', '08'),
('08433', 'Malambo', '08'),
('08436', 'Manati', '08'),
('08520', 'Palmar De Varela', '08'),
('08549', 'Piojo', '08'),
('08558', 'Polo Nuevo', '08'),
('08560', 'Ponedera', '08'),
('08573', 'Puerto Colombia', '08'),
('08606', 'Repelon', '08'),
('08634', 'Sabanagrande', '08'),
('08638', 'Sabanalarga', '08'),
('08675', 'Santa Lucia', '08'),
('08685', 'Santo Tomas', '08'),
('08758', 'Soledad', '08'),
('08770', 'Suan', '08'),
('08832', 'Tubara', '08'),
('08849', 'Usiacuri', '08'),
('11001', 'Santa Fe De Bogota, D. C.', '11'),
('13001', 'Cartagena', '13'),
('13006', 'Achi', '13'),
('13030', 'Altos Del Rosario', '13'),
('13042', 'Arenal', '13'),
('13052', 'Arjona', '13'),
('13062', 'Arroyohondo', '13'),
('13074', 'Barranco De Loba', '13'),
('13140', 'Calamar', '13'),
('13160', 'Cantagallo', '13'),
('13188', 'Cicuco', '13'),
('13212', 'Cordoba', '13'),
('13222', 'Clemencia', '13'),
('13244', 'El Carmen De Bolivar', '13'),
('13248', 'El Guamo', '13'),
('13268', 'El Peñon', '13'),
('13300', 'Hatillo De Loba', '13'),
('13430', 'Magangue', '13'),
('13433', 'Mahates', '13'),
('13440', 'Margarita', '13'),
('13442', 'Maria La Baja', '13'),
('13458', 'Montecristo', '13'),
('13468', 'Mompos', '13'),
('13473', 'Morales', '13'),
('13549', 'Pinillos', '13'),
('13580', 'Regidor', '13'),
('13600', 'Rio Viejo', '13'),
('13620', 'San Cristobal', '13'),
('13647', 'San Estanislao', '13'),
('13650', 'San Fernando', '13'),
('13654', 'San Jacinto', '13'),
('13655', 'San Jacinto Del Cauca', '13'),
('13657', 'San Juan Nepomuceno', '13'),
('13667', 'San Martin De Loba', '13'),
('13670', 'San Pablo', '13'),
('13673', 'Santa Catalina', '13'),
('13683', 'Santa Rosa', '13'),
('13688', 'Santa Rosa Del Sur', '13'),
('13744', 'Simiti', '13'),
('13760', 'Soplaviento', '13'),
('13780', 'Talaigua Nuevo', '13'),
('13810', 'Tiquisio (Puerto Rico)', '13'),
('13836', 'Turbaco', '13'),
('13838', 'Turbana', '13'),
('13873', 'Villanueva', '13'),
('13894', 'Zambrano', '13'),
('15001', 'Tunja', '15'),
('15022', 'Almeida', '15'),
('15047', 'Aquitania', '15'),
('15051', 'Arcabuco', '15'),
('15087', 'Belen', '15'),
('15090', 'Berbeo', '15'),
('15092', 'Beteitiva', '15'),
('15097', 'Boavita', '15'),
('15104', 'Boyaca', '15'),
('15106', 'Briceño', '15'),
('15109', 'Buenavista', '15'),
('15114', 'Busbanza', '15'),
('15131', 'Caldas', '15'),
('15135', 'Campohermoso', '15'),
('15162', 'Cerinza', '15'),
('15172', 'Chinavita', '15'),
('15176', 'Chiquinquira', '15'),
('15180', 'Chiscas', '15'),
('15183', 'Chita', '15'),
('15185', 'Chitaraque', '15'),
('15187', 'Chivata', '15'),
('15189', 'Cienega', '15'),
('15204', 'Combita', '15'),
('15212', 'Coper', '15'),
('15215', 'Corrales', '15'),
('15218', 'Covarachia', '15'),
('15223', 'Cubara', '15'),
('15224', 'Cucaita', '15'),
('15226', 'Cuitiva', '15'),
('15232', 'Chiquiza', '15'),
('15236', 'Chivor', '15'),
('15238', 'Duitama', '15'),
('15244', 'El Cocuy', '15'),
('15248', 'El Espino', '15'),
('15272', 'Firavitoba', '15'),
('15276', 'Floresta', '15'),
('15293', 'Gachantiva', '15'),
('15296', 'Gameza', '15'),
('15299', 'Garagoa', '15'),
('15317', 'Guacamayas', '15'),
('15322', 'Guateque', '15'),
('15325', 'Guayata', '15'),
('15332', 'Guican', '15'),
('15362', 'Iza', '15'),
('15367', 'Jenesano', '15'),
('15368', 'Jerico', '15'),
('15377', 'Labranzagrande', '15'),
('15380', 'La Capilla', '15'),
('15401', 'La Victoria', '15'),
('15403', 'La Uvita', '15'),
('15407', 'Villa De Leiva', '15'),
('15425', 'Macanal', '15'),
('15442', 'Maripi', '15'),
('15455', 'Miraflores', '15'),
('15464', 'Mongua', '15'),
('15466', 'Mongui', '15'),
('15469', 'Moniquira', '15'),
('15476', 'Motavita', '15'),
('15480', 'Muzo', '15'),
('15491', 'Nobsa', '15'),
('15494', 'Nuevo Colon', '15'),
('15500', 'Oicata', '15'),
('15507', 'Otanche', '15'),
('15511', 'Pachavita', '15'),
('15514', 'Paez', '15'),
('15516', 'Paipa', '15'),
('15518', 'Pajarito', '15'),
('15522', 'Panqueba', '15'),
('15531', 'Pauna', '15'),
('15533', 'Paya', '15'),
('15537', 'Paz Del Rio', '15'),
('15542', 'Pesca', '15'),
('15550', 'Pisba', '15'),
('15572', 'Puerto Boyaca', '15'),
('15580', 'Quipama', '15'),
('15599', 'Ramiriqui', '15'),
('15600', 'Raquira', '15'),
('15621', 'Rondon', '15'),
('15632', 'Saboya', '15'),
('15638', 'Sachica', '15'),
('15646', 'Samaca', '15'),
('15660', 'San Eduardo', '15'),
('15664', 'San Jose De Pare', '15'),
('15667', 'San Luis De Gaceno', '15'),
('15673', 'San Mateo', '15'),
('15676', 'San Miguel De Sema', '15'),
('15681', 'San Pablo De Borbur', '15'),
('15686', 'Santana', '15'),
('15690', 'Santa Maria', '15'),
('15693', 'Santa Rosa De Viterbo', '15'),
('15696', 'Santa Sofia', '15'),
('15720', 'Sativanorte', '15'),
('15723', 'Sativasur', '15'),
('15740', 'Siachoque', '15'),
('15753', 'Soata', '15'),
('15755', 'Socota', '15'),
('15757', 'Socha', '15'),
('15759', 'Sogamoso', '15'),
('15761', 'Somondoco', '15'),
('15762', 'Sora', '15'),
('15763', 'Sotaquira', '15'),
('15764', 'Soraca', '15'),
('15774', 'Susacon', '15'),
('15776', 'Sutamarchan', '15'),
('15778', 'Sutatenza', '15'),
('15790', 'Tasco', '15'),
('15798', 'Tenza', '15'),
('15804', 'Tibana', '15'),
('15806', 'Tibasosa', '15'),
('15808', 'Tinjaca', '15'),
('15810', 'Tipacoque', '15'),
('15814', 'Toca', '15'),
('15816', 'Togui', '15'),
('15820', 'Topaga', '15'),
('15822', 'Tota', '15'),
('15832', 'Tunungua', '15'),
('15835', 'Turmeque', '15'),
('15837', 'Tuta', '15'),
('15839', 'Tutasa', '15'),
('15842', 'Umbita', '15'),
('15861', 'Ventaquemada', '15'),
('15879', 'Viracacha', '15'),
('15897', 'Zetaquira', '15'),
('17001', 'Manizales', '17'),
('17013', 'Aguadas', '17'),
('17042', 'Anserma', '17'),
('17050', 'Aranzazu', '17'),
('17088', 'Belalcazar', '17'),
('17174', 'Chinchina', '17'),
('17272', 'Filadelfia', '17'),
('17380', 'La Dorada', '17'),
('17388', 'La Merced', '17'),
('17433', 'Manzanares', '17'),
('17442', 'Marmato', '17'),
('17444', 'Marquetalia', '17'),
('17446', 'Marulanda', '17'),
('17486', 'Neira', '17'),
('17495', 'Norcasia', '17'),
('17513', 'Pacora', '17'),
('17524', 'Palestina', '17'),
('17541', 'Pensilvania', '17'),
('17614', 'Riosucio', '17'),
('17616', 'Risaralda', '17'),
('17653', 'Salamina', '17'),
('17662', 'Samana', '17'),
('17665', 'San Jose', '17'),
('17777', 'Supia', '17'),
('17867', 'Victoria', '17'),
('17873', 'Villamaria', '17'),
('17877', 'Viterbo', '17'),
('18001', 'Florencia', '18'),
('18029', 'Albania', '18'),
('18094', 'Belen De Los Andaquies', '18'),
('18150', 'Cartagena Del Chaira', '18'),
('18205', 'Curillo', '18'),
('18247', 'El Doncello', '18'),
('18256', 'El Paujil', '18'),
('18410', 'La Montañita', '18'),
('18460', 'Milan', '18'),
('18479', 'Morelia', '18'),
('18592', 'Puerto Rico', '18'),
('18610', 'San Jose De Fragua', '18'),
('18753', 'San  Vicente Del Caguan', '18'),
('18756', 'Solano', '18'),
('18785', 'Solita', '18'),
('18860', 'Valparaiso', '18'),
('19001', 'Popayan', '19'),
('19022', 'Almaguer', '19'),
('19050', 'Argelia', '19'),
('19075', 'Balboa', '19'),
('19100', 'Bolivar', '19'),
('19110', 'Buenos Aires', '19'),
('19130', 'Cajibio', '19'),
('19137', 'Caldono', '19'),
('19142', 'Caloto', '19'),
('19212', 'Corinto', '19'),
('19256', 'El Tambo', '19'),
('19290', 'Florencia', '19'),
('19318', 'Guapi', '19'),
('19355', 'Inza', '19'),
('19364', 'Jambalo', '19'),
('19392', 'La Sierra', '19'),
('19397', 'La Vega', '19'),
('19418', 'Lopez (Micay)', '19'),
('19450', 'Mercaderes', '19'),
('19455', 'Miranda', '19'),
('19473', 'Morales', '19'),
('19513', 'Padilla', '19'),
('19517', 'Paez (Belalcazar)', '19'),
('19532', 'Patia (El Bordo)', '19'),
('19533', 'Piamonte', '19'),
('19548', 'Piendamo', '19'),
('19573', 'Puerto Tejada', '19'),
('19585', 'Purace (Coconuco)', '19'),
('19622', 'Rosas', '19'),
('19693', 'San Sebastian', '19'),
('19698', 'Santander De Quilichao', '19'),
('19701', 'Santa Rosa', '19'),
('19743', 'Silvia', '19'),
('19760', 'Sotara (Paispamba)', '19'),
('19780', 'Suarez', '19'),
('19807', 'Timbio', '19'),
('19809', 'Timbiqui', '19'),
('19821', 'Toribio', '19'),
('19824', 'Totoro', '19'),
('19845', 'Villarica', '19'),
('20001', 'Valledupar', '20'),
('20011', 'Aguachica', '20'),
('20013', 'Agustin Codazzi', '20'),
('20032', 'Astrea', '20'),
('20045', 'Becerril', '20'),
('20060', 'Bosconia', '20'),
('20175', 'Chimichagua', '20'),
('20178', 'Chiriguana', '20'),
('20228', 'Curumani', '20'),
('20238', 'El Copey', '20'),
('20250', 'El Paso', '20'),
('20295', 'Gamarra', '20'),
('20310', 'Gonzalez', '20'),
('20383', 'La Gloria', '20'),
('20400', 'La Jagua Ibirico', '20'),
('20443', 'Manaure (Balcon Del Cesar) ', '20'),
('20517', 'Pailitas', '20'),
('20550', 'Pelaya', '20'),
('20570', 'Pueblo Bello', '20'),
('20614', 'Rio De Oro', '20'),
('20621', 'La Paz (Robles) ', '20'),
('20710', 'San Alberto', '20'),
('20750', 'San Diego', '20'),
('20770', 'San Martin', '20'),
('20787', 'Tamalameque', '20'),
('23001', 'Monteria', '23'),
('23068', 'Ayapel', '23'),
('23079', 'Buenavista', '23'),
('23090', 'Canalete', '23'),
('23162', 'Cerete', '23'),
('23168', 'Chima', '23'),
('23182', 'Chinu', '23'),
('23189', 'Cienaga De Oro', '23'),
('23300', 'Cotorra', '23'),
('23350', 'La Apartada', '23'),
('23417', 'Lorica', '23'),
('23419', 'Los Cordobas', '23'),
('23464', 'Momil', '23'),
('23466', 'Montelibano', '23'),
('23500', 'Moñitos', '23'),
('23555', 'Planeta Rica', '23'),
('23570', 'Pueblo Nuevo', '23'),
('23574', 'Puerto Escondido', '23'),
('23580', 'Puerto Libertador', '23'),
('23586', 'Purisima', '23'),
('23660', 'Sahagun', '23'),
('23670', 'San Andres Sotavento', '23'),
('23672', 'San Antero', '23'),
('23675', 'San Bernardo Del Viento', '23'),
('23678', 'San Carlos', '23'),
('23686', 'San Pelayo', '23'),
('23807', 'Tierralta', '23'),
('23855', 'Valencia', '23'),
('25001', 'Agua De Dios', '25'),
('25019', 'Alban', '25'),
('25035', 'Anapoima', '25'),
('25040', 'Anolaima', '25'),
('25053', 'Arbelaez', '25'),
('25086', 'Beltran', '25'),
('25095', 'Bituima', '25'),
('25099', 'Bojaca', '25'),
('25120', 'Cabrera', '25'),
('25123', 'Cachipay', '25'),
('25126', 'Cajica', '25'),
('25148', 'Caparrapi', '25'),
('25151', 'Caqueza', '25'),
('25154', 'Carmen De Carupa', '25'),
('25168', 'Chaguani', '25'),
('25175', 'Chia', '25'),
('25178', 'Chipaque', '25'),
('25181', 'Choachi', '25'),
('25183', 'Choconta', '25'),
('25200', 'Cogua', '25'),
('25214', 'Cota', '25'),
('25224', 'Cucunuba', '25'),
('25245', 'El Colegio', '25'),
('25258', 'El Peñon', '25'),
('25260', 'El Rosal', '25'),
('25269', 'Facatativa', '25'),
('25279', 'Fomeque', '25'),
('25281', 'Fosca', '25'),
('25286', 'Funza', '25'),
('25288', 'Fuquene', '25'),
('25290', 'Fusagasuga', '25'),
('25293', 'Gachala', '25'),
('25295', 'Gachancipa', '25'),
('25297', 'Gacheta', '25'),
('25299', 'Gama', '25'),
('25307', 'Girardot', '25'),
('25312', 'Granada', '25'),
('25317', 'Guacheta', '25'),
('25320', 'Guaduas', '25'),
('25322', 'Guasca', '25'),
('25324', 'Guataqui', '25'),
('25326', 'Guatavita', '25'),
('25328', 'Guayabal De Siquima', '25'),
('25335', 'Guayabetal', '25'),
('25339', 'Gutierrez', '25'),
('25368', 'Jerusalen', '25'),
('25372', 'Junin', '25'),
('25377', 'La Calera', '25'),
('25386', 'La Mesa', '25'),
('25394', 'La Palma', '25'),
('25398', 'La Peña', '25'),
('25402', 'La Vega', '25'),
('25407', 'Lenguazaque', '25'),
('25426', 'Macheta', '25'),
('25430', 'Madrid', '25'),
('25436', 'Manta', '25'),
('25438', 'Medina', '25'),
('25473', 'Mosquera', '25'),
('25483', 'Nariño', '25'),
('25486', 'Nemocon', '25'),
('25488', 'Nilo', '25'),
('25489', 'Nimaima', '25'),
('25491', 'Nocaima', '25'),
('25506', 'Venecia (Ospina Perez)', '25'),
('25513', 'Pacho', '25'),
('25518', 'Paime', '25'),
('25524', 'Pandi', '25'),
('25530', 'Paratebueno', '25'),
('25535', 'Pasca', '25'),
('25572', 'Puerto Salgar', '25'),
('25580', 'Puli', '25'),
('25592', 'Quebradanegra', '25'),
('25594', 'Quetame', '25'),
('25596', 'Quipile', '25'),
('25599', 'Apulo (Rafael Reyes)', '25'),
('25612', 'Ricaurte', '25'),
('25645', 'San  Antonio Del  Tequendama', '25'),
('25649', 'San Bernardo', '25'),
('25653', 'San Cayetano', '25'),
('25658', 'San Francisco', '25'),
('25662', 'San Juan De Rioseco', '25'),
('25718', 'Sasaima', '25'),
('25736', 'Sesquile', '25'),
('25740', 'Sibate', '25'),
('25743', 'Silvania', '25'),
('25745', 'Simijaca', '25'),
('25754', 'Soacha', '25'),
('25758', 'Sopo', '25'),
('25769', 'Subachoque', '25'),
('25772', 'Suesca', '25'),
('25777', 'Supata', '25'),
('25779', 'Susa', '25'),
('25781', 'Sutatausa', '25'),
('25785', 'Tabio', '25'),
('25793', 'Tausa', '25'),
('25797', 'Tena', '25'),
('25799', 'Tenjo', '25'),
('25805', 'Tibacuy', '25'),
('25807', 'Tibirita', '25'),
('25815', 'Tocaima', '25'),
('25817', 'Tocancipa', '25'),
('25823', 'Topaipi', '25'),
('25839', 'Ubala', '25'),
('25841', 'Ubaque', '25'),
('25843', 'Ubate', '25'),
('25845', 'Une', '25'),
('25851', 'Utica', '25'),
('25862', 'Vergara', '25'),
('25867', 'Viani', '25'),
('25871', 'Villagomez', '25'),
('25873', 'Villapinzon', '25'),
('25875', 'Villeta', '25'),
('25878', 'Viota', '25'),
('25885', 'Yacopi', '25'),
('25898', 'Zipacon', '25'),
('25899', 'Zipaquira', '25'),
('27001', 'Quibdo (San Francisco De Quibdo)', '27'),
('27006', 'Acandi', '27'),
('27025', 'Alto Baudo (Pie De Pato)', '27'),
('27050', 'Atrato', '27'),
('27073', 'Bagado', '27'),
('27075', 'Bahia Solano (Mutis)', '27'),
('27077', 'Bajo Baudo (Pizarro)', '27'),
('27099', 'Bojaya (Bellavista)', '27'),
('27135', 'Canton De San Pablo (Managru)', '27'),
('27205', 'Condoto', '27'),
('27245', 'El Carmen De Atrato', '27'),
('27250', 'Litoral Del Bajo San Juan', '27'),
('27361', 'Istmina', '27'),
('27372', 'Jurado', '27'),
('27413', 'Lloro', '27'),
('27425', 'Medio Atrato', '27'),
('27430', 'Medio Baudo', '27'),
('27491', 'Novita', '27'),
('27495', 'Nuqui', '27'),
('27600', 'Rioquito', '27'),
('27615', 'Riosucio', '27'),
('27660', 'San Jose Del Palmar', '27'),
('27745', 'Sipi', '27'),
('27787', 'Tado', '27'),
('27800', 'Unguia', '27'),
('27810', 'Union Panamericana', '27'),
('41001', 'Neiva', '41'),
('41006', 'Acevedo', '41'),
('41013', 'Agrado', '41'),
('41016', 'Aipe', '41'),
('41020', 'Algeciras', '41'),
('41026', 'Altamira', '41'),
('41078', 'Baraya', '41'),
('41132', 'Campoalegre', '41'),
('41206', 'Colombia', '41'),
('41244', 'Elias', '41'),
('41298', 'Garzon', '41'),
('41306', 'Gigante', '41'),
('41319', 'Guadalupe', '41'),
('41349', 'Hobo', '41'),
('41357', 'Iquira', '41'),
('41359', 'Isnos (San Jose De Isnos)', '41'),
('41378', 'La Argentina', '41'),
('41396', 'La Plata', '41'),
('41483', 'Nataga', '41'),
('41503', 'Oporapa', '41'),
('41518', 'Paicol', '41'),
('41524', 'Palermo', '41'),
('41530', 'Palestina', '41'),
('41548', 'Pital', '41'),
('41551', 'Pitalito', '41'),
('41615', 'Rivera', '41'),
('41660', 'Saladoblanco', '41'),
('41668', 'San Agustin', '41'),
('41676', 'Santa Maria', '41'),
('41770', 'Suaza', '41'),
('41791', 'Tarqui', '41'),
('41797', 'Tesalia', '41'),
('41799', 'Tello', '41'),
('41801', 'Teruel', '41'),
('41807', 'Timana', '41'),
('41872', 'Villavieja', '41'),
('41885', 'Yaguara', '41'),
('44001', 'Riohacha', '44'),
('44078', 'Barrancas', '44'),
('44090', 'Dibulla', '44'),
('44098', 'Distraccion', '44'),
('44110', 'El Molino', '44'),
('44279', 'Fonseca', '44'),
('44378', 'Hatonuevo', '44'),
('44420', 'La Jagua Del Pilar', '44'),
('44430', 'Maicao', '44'),
('44560', 'Manaure', '44'),
('44650', 'San Juan Del Cesar', '44'),
('44847', 'Uribia', '44'),
('44855', 'Urumita', '44'),
('44874', 'Villanueva', '44'),
('47001', 'Santa Marta', '47'),
('47030', 'Algarrobo', '47'),
('47053', 'Aracataca', '47'),
('47058', 'Ariguani (El Dificil)', '47'),
('47161', 'Cerro San Antonio', '47'),
('47170', 'Chivolo', '47'),
('47189', 'Cienaga', '47'),
('47205', 'Concordia', '47'),
('47245', 'El Banco', '47'),
('47258', 'El Piñon', '47'),
('47268', 'El Reten', '47'),
('47288', 'Fundacion', '47'),
('47318', 'Guamal', '47'),
('47541', 'Pedraza', '47'),
('47545', 'Pijiño Del Carmen (Pijiño)', '47'),
('47551', 'Pivijay', '47'),
('47555', 'Plato', '47'),
('47570', 'Puebloviejo', '47'),
('47605', 'Remolino', '47'),
('47660', 'Sabanas De San Angel', '47'),
('47675', 'Salamina', '47'),
('47692', 'San Sebastian De Buenavista', '47'),
('47703', 'San Zenon', '47'),
('47707', 'Santa Ana', '47'),
('47745', 'Sitionuevo', '47'),
('47798', 'Tenerife', '47'),
('50001', 'Villavicencio', '50'),
('50006', 'Acacias', '50'),
('50110', 'Barranca De Upia', '50'),
('50124', 'Cabuyaro', '50'),
('50150', 'Castilla La Nueva', '50'),
('50223', 'San Luis De Cubarral', '50'),
('50226', 'Cumaral', '50'),
('50245', 'El Calvario', '50'),
('50251', 'El Castillo', '50'),
('50270', 'El Dorado', '50'),
('50287', 'Fuente De Oro', '50'),
('50313', 'Granada', '50'),
('50318', 'Guamal', '50'),
('50325', 'Mapiripan', '50'),
('50330', 'Mesetas', '50'),
('50350', 'La Macarena', '50'),
('50370', 'La Uribe', '50'),
('50400', 'Lejanias', '50'),
('50450', 'Puerto Concordia', '50'),
('50568', 'Puerto Gaitan', '50'),
('50573', 'Puerto Lopez', '50'),
('50577', 'Puerto Lleras', '50'),
('50590', 'Puerto Rico', '50'),
('50606', 'Restrepo', '50'),
('50680', 'San Carlos De Guaroa', '50'),
('50683', 'San  Juan De Arama', '50'),
('50686', 'San Juanito', '50'),
('50689', 'San Martin', '50'),
('50711', 'Vistahermosa', '50'),
('52001', 'Pasto (San Juan De Pasto)', '52'),
('52019', 'Alban (San Jose)', '52'),
('52022', 'Aldana', '52'),
('52036', 'Ancuya', '52'),
('52051', 'Arboleda (Berruecos)', '52'),
('52079', 'Barbacoas', '52'),
('52083', 'Belen', '52'),
('52110', 'Buesaco', '52'),
('52203', 'Colon (Genova)', '52'),
('52207', 'Consaca', '52'),
('52210', 'Contadero', '52'),
('52215', 'Cordoba', '52'),
('52224', 'Cuaspud (Carlosama)', '52'),
('52227', 'Cumbal', '52'),
('52233', 'Cumbitara', '52'),
('52240', 'Chachagui', '52'),
('52250', 'El Charco', '52'),
('52254', 'El Peñol', '52'),
('52256', 'El Rosario', '52'),
('52258', 'El Tablon', '52'),
('52260', 'El Tambo', '52'),
('52287', 'Funes', '52'),
('52317', 'Guachucal', '52'),
('52320', 'Guaitarilla', '52'),
('52323', 'Gualmatan', '52'),
('52352', 'Iles', '52'),
('52354', 'Imues', '52'),
('52356', 'Ipiales', '52'),
('52378', 'La Cruz', '52'),
('52381', 'La Florida', '52'),
('52385', 'La Llanada', '52'),
('52390', 'La Tola', '52'),
('52399', 'La Union', '52'),
('52405', 'Leiva', '52'),
('52411', 'Linares', '52'),
('52418', 'Los Andes (Sotomayor)', '52'),
('52427', 'Magui (Payan)', '52'),
('52435', 'Mallama (Piedrancha)', '52'),
('52473', 'Mosquera', '52'),
('52490', 'Olaya Herrera (Bocas De Satinga)', '52'),
('52506', 'Ospina', '52'),
('52520', 'Francisco Pizarro (Salahonda)', '52'),
('52540', 'Policarpa', '52'),
('52560', 'Potosi', '52'),
('52565', 'Providencia', '52'),
('52573', 'Puerres', '52'),
('52585', 'Pupiales', '52'),
('52612', 'Ricaurte', '52'),
('52621', 'Roberto Payan (San Jose)', '52'),
('52678', 'Samaniego', '52'),
('52683', 'Sandona', '52'),
('52685', 'San Bernardo', '52'),
('52687', 'San Lorenzo', '52'),
('52693', 'San Pablo', '52'),
('52694', 'San Pedro De Cartago', '52'),
('52696', 'Santa Barbara (Iscuande)', '52'),
('52699', 'Santa Cruz (Guachaves)', '52'),
('52720', 'Sapuyes', '52'),
('52786', 'Taminango', '52'),
('52788', 'Tangua', '52'),
('52835', 'Tumaco', '52'),
('52838', 'Tuquerres', '52'),
('52885', 'Yacuanquer', '52'),
('54001', 'Cucuta', '54'),
('54003', 'Abrego', '54'),
('54051', 'Arboledas', '54'),
('54099', 'Bochalema', '54'),
('54109', 'Bucarasica', '54'),
('54125', 'Cacota', '54'),
('54128', 'Cachira', '54'),
('54172', 'Chinacota', '54'),
('54174', 'Chitaga', '54'),
('54206', 'Convencion', '54'),
('54223', 'Cucutilla', '54'),
('54239', 'Durania', '54'),
('54245', 'El Carmen', '54'),
('54250', 'El Tarra', '54'),
('54261', 'El Zulia', '54'),
('54313', 'Gramalote', '54'),
('54344', 'Hacari', '54'),
('54347', 'Herran', '54'),
('54377', 'Labateca', '54'),
('54385', 'La Esperanza', '54'),
('54398', 'La Playa', '54'),
('54405', 'Los Patios', '54'),
('54418', 'Lourdes', '54'),
('54480', 'Mutiscua', '54'),
('54498', 'Ocaña', '54'),
('54518', 'Pamplona', '54'),
('54520', 'Pamplonita', '54'),
('54553', 'Puerto Santander', '54'),
('54599', 'Ragonvalia', '54'),
('54660', 'Salazar', '54'),
('54670', 'San Calixto', '54'),
('54673', 'San Cayetano', '54'),
('54680', 'Santiago', '54'),
('54720', 'Sardinata', '54'),
('54743', 'Silos', '54'),
('54800', 'Teorama', '54'),
('54810', 'Tibu', '54'),
('54820', 'Toledo', '54'),
('54871', 'Villacaro', '54'),
('54874', 'Villa Del Rosario', '54'),
('63001', 'Armenia', '63'),
('63111', 'Buenavista', '63'),
('63130', 'Calarca', '63'),
('63190', 'Circasia', '63'),
('63212', 'Cordoba', '63'),
('63272', 'Filandia', '63'),
('63302', 'Genova', '63'),
('63401', 'La Tebaida', '63'),
('63470', 'Montenegro', '63'),
('63548', 'Pijao', '63'),
('63594', 'Quimbaya', '63'),
('63690', 'Salento', '63'),
('66001', 'Pereira', '66'),
('66045', 'Apia', '66'),
('66075', 'Balboa', '66'),
('66088', 'Belen De Umbria', '66'),
('66170', 'Dos Quebradas', '66'),
('66318', 'Guatica', '66'),
('66383', 'La Celia', '66'),
('66400', 'La Virginia', '66'),
('66440', 'Marsella', '66'),
('66456', 'Mistrato', '66'),
('66572', 'Pueblo Rico', '66'),
('66594', 'Quinchia', '66'),
('66682', 'Santa Rosa De Cabal', '66'),
('66687', 'Santuario', '66'),
('68001', 'Bucaramanga', '68'),
('68013', 'Aguada', '68'),
('68020', 'Albania', '68'),
('68051', 'Aratoca', '68'),
('68077', 'Barbosa', '68'),
('68079', 'Barichara', '68'),
('68081', 'Barrancabermeja', '68'),
('68092', 'Betulia', '68'),
('68101', 'Bolivar', '68'),
('68121', 'Cabrera', '68'),
('68132', 'California', '68'),
('68147', 'Capitanejo', '68'),
('68152', 'Carcasi', '68'),
('68160', 'Cepita', '68'),
('68162', 'Cerrito', '68'),
('68167', 'Charala', '68'),
('68169', 'Charta', '68'),
('68176', 'Chima', '68'),
('68179', 'Chipata', '68'),
('68190', 'Cimitarra', '68'),
('68207', 'Concepcion', '68'),
('68209', 'Confines', '68'),
('68211', 'Contratacion', '68'),
('68217', 'Coromoro', '68'),
('68229', 'Curiti', '68'),
('68235', 'El Carmen De Chucury', '68'),
('68245', 'El Guacamayo', '68'),
('68250', 'El Peñon', '68'),
('68255', 'El Playon', '68'),
('68264', 'Encino', '68'),
('68266', 'Enciso', '68'),
('68271', 'Florian', '68'),
('68276', 'Floridablanca', '68'),
('68296', 'Galan', '68'),
('68298', 'Gambita', '68'),
('68307', 'Giron', '68'),
('68318', 'Guaca', '68'),
('68320', 'Guadalupe', '68'),
('68322', 'Guapota', '68'),
('68324', 'Guavata', '68'),
('68327', 'Guepsa', '68'),
('68344', 'Hato', '68'),
('68368', 'Jesus Maria', '68'),
('68370', 'Jordan', '68'),
('68377', 'La Belleza', '68'),
('68385', 'Landazuri', '68'),
('68397', 'La Paz', '68'),
('68406', 'Lebrija', '68'),
('68418', 'Los Santos', '68'),
('68425', 'Macaravita', '68'),
('68432', 'Malaga', '68'),
('68444', 'Matanza', '68'),
('68464', 'Mogotes', '68'),
('68468', 'Molagavita', '68'),
('68498', 'Ocamonte', '68'),
('68500', 'Oiba', '68'),
('68502', 'Onzaga', '68'),
('68522', 'Palmar', '68'),
('68524', 'Palmas Del Socorro', '68'),
('68533', 'Paramo', '68'),
('68547', 'Piedecuesta', '68'),
('68549', 'Pinchote', '68'),
('68572', 'Puente Nacional', '68'),
('68573', 'Puerto Parra', '68'),
('68575', 'Puerto Wilches', '68'),
('68615', 'Rionegro', '68'),
('68655', 'Sabana De Torres', '68'),
('68669', 'San Andres', '68'),
('68673', 'San Benito', '68'),
('68679', 'San Gil', '68'),
('68682', 'San Joaquin', '68'),
('68684', 'San Jose De Miranda', '68'),
('68686', 'San Miguel', '68'),
('68689', 'San Vicente De Chucuri', '68'),
('68705', 'Santa Barbara', '68'),
('68720', 'Santa Helena Del Opon', '68'),
('68745', 'Simacota', '68'),
('68755', 'Socorro', '68'),
('68770', 'Suaita', '68'),
('68773', 'Sucre', '68'),
('68780', 'Surata', '68'),
('68820', 'Tona', '68'),
('68855', 'Valle San Jose', '68'),
('68861', 'Velez', '68'),
('68867', 'Vetas', '68'),
('68872', 'Villanueva', '68'),
('68895', 'Zapatoca', '68'),
('70001', 'Sincelejo', '70'),
('70110', 'Buenavista', '70'),
('70124', 'Caimito', '70'),
('70204', 'Coloso (Ricaurte)', '70'),
('70215', 'Corozal', '70'),
('70230', 'Chalan', '70'),
('70235', 'Galeras (Nueva Granada)', '70'),
('70265', 'Guaranda', '70'),
('70400', 'La Union', '70'),
('70418', 'Los Palmitos', '70'),
('70429', 'Majagual', '70'),
('70473', 'Morroa', '70'),
('70508', 'Ovejas', '70'),
('70523', 'Palmito', '70'),
('70670', 'Sampues', '70'),
('70678', 'San Benito Abad', '70'),
('70702', 'San Juan De Betulia', '70'),
('70708', 'San Marcos', '70'),
('70713', 'San Onofre', '70'),
('70717', 'San Pedro', '70'),
('70742', 'Since', '70'),
('70771', 'Sucre', '70'),
('70820', 'Tolu', '70'),
('70823', 'Toluviejo', '70'),
('73001', 'Ibague', '73'),
('73024', 'Alpujarra', '73'),
('73026', 'Alvarado', '73'),
('73030', 'Ambalema', '73'),
('73043', 'Anzoategui', '73'),
('73055', 'Armero (Guayabal)', '73'),
('73067', 'Ataco', '73'),
('73124', 'Cajamarca', '73'),
('73148', 'Carmen Apicala', '73'),
('73152', 'Casabianca', '73'),
('73168', 'Chaparral', '73'),
('73200', 'Coello', '73'),
('73217', 'Coyaima', '73'),
('73226', 'Cunday', '73'),
('73236', 'Dolores', '73'),
('73268', 'Espinal', '73'),
('73270', 'Falan', '73'),
('73275', 'Flandes', '73'),
('73283', 'Fresno', '73'),
('73319', 'Guamo', '73'),
('73347', 'Herveo', '73'),
('73349', 'Honda', '73'),
('73352', 'Icononzo', '73'),
('73408', 'Lerida', '73'),
('73411', 'Libano', '73'),
('73443', 'Mariquita', '73'),
('73449', 'Melgar', '73'),
('73461', 'Murillo', '73'),
('73483', 'Natagaima', '73'),
('73504', 'Ortega', '73'),
('73520', 'Palocabildo', '73'),
('73547', 'Piedras', '73'),
('73555', 'Planadas', '73'),
('73563', 'Prado', '73'),
('73585', 'Purificacion', '73'),
('73616', 'Rioblanco', '73'),
('73622', 'Roncesvalles', '73'),
('73624', 'Rovira', '73'),
('73671', 'Saldaña', '73'),
('73675', 'San Antonio', '73'),
('73678', 'San Luis', '73'),
('73686', 'Santa Isabel', '73'),
('73770', 'Suarez', '73'),
('73854', 'Valle De San Juan', '73'),
('73861', 'Venadillo', '73'),
('73870', 'Villahermosa', '73'),
('73873', 'Villarrica', '73'),
('76001', 'Cali (Santiago De Cali)', '76'),
('76020', 'Alcala', '76'),
('76036', 'Andalucia', '76'),
('76041', 'Ansermanuevo', '76'),
('76054', 'Argelia', '76'),
('76100', 'Bolivar', '76'),
('76109', 'Buenaventura', '76'),
('76111', 'Buga', '76'),
('76113', 'Bugalagrande', '76'),
('76122', 'Caicedonia', '76'),
('76126', 'Calima (Darien)', '76'),
('76130', 'Candelaria', '76'),
('76147', 'Cartago', '76'),
('76233', 'Dagua', '76'),
('76243', 'El Aguila', '76'),
('76246', 'El Cairo', '76'),
('76248', 'El Cerrito', '76'),
('76250', 'El Dovio', '76'),
('76275', 'Florida', '76'),
('76306', 'Ginebra', '76'),
('76318', 'Guacari', '76'),
('76364', 'Jamundi', '76'),
('76377', 'La Cumbre', '76'),
('76400', 'La Union', '76'),
('76403', 'La Victoria', '76'),
('76497', 'Obando', '76'),
('76520', 'Palmira', '76'),
('76563', 'Pradera', '76'),
('76606', 'Restrepo', '76'),
('76616', 'Riofrio', '76'),
('76622', 'Roldanillo', '76'),
('76670', 'San Pedro', '76'),
('76736', 'Sevilla', '76'),
('76823', 'Toro', '76'),
('76828', 'Trujillo', '76'),
('76834', 'Tulua', '76'),
('76845', 'Ulloa', '76'),
('76863', 'Versalles', '76'),
('76869', 'Vijes', '76'),
('76890', 'Yotoco', '76'),
('76892', 'Yumbo', '76'),
('76895', 'Zarzal', '76'),
('81001', 'Arauca', '81'),
('81065', 'Arauquita', '81'),
('81220', 'Cravo Norte', '81'),
('81300', 'Fortul', '81'),
('81591', 'Puerto Rondon', '81'),
('81736', 'Saravena', '81'),
('81794', 'Tame', '81'),
('85001', 'Yopal', '85'),
('85010', 'Aguazul', '85'),
('85015', 'Chameza', '85'),
('85125', 'Hato Corozal', '85'),
('85136', 'La Salina', '85'),
('85139', 'Mani', '85'),
('85162', 'Monterrey', '85'),
('85225', 'Nunchia', '85'),
('85230', 'Orocue', '85'),
('85250', 'Paz De Ariporo', '85'),
('85263', 'Pore', '85'),
('85279', 'Recetor', '85'),
('85300', 'Sabanalarga', '85'),
('85315', 'Sacama', '85'),
('85325', 'San Luis De Palenque', '85'),
('85400', 'Tamara', '85'),
('85410', 'Tauramena', '85'),
('85430', 'Trinidad', '85'),
('85440', 'Villanueva', '85'),
('86001', 'Mocoa', '86'),
('86219', 'Colon', '86'),
('86320', 'Orito', '86'),
('86568', 'Puerto Asis', '86'),
('86569', 'Puerto Caicedo', '86'),
('86571', 'Puerto Guzman', '86'),
('86573', 'Puerto Leguizamo', '86'),
('86749', 'Sibundoy', '86'),
('86755', 'San Francisco', '86'),
('86757', 'San Miguel (La Dorada)', '86'),
('86760', 'Santiago', '86'),
('86865', 'La Hormiga (Valle Del Guamuez)', '86'),
('86885', 'Villagarzon', '86'),
('88001', 'San Andres', '88'),
('88564', 'Providencia', '88'),
('91001', 'Leticia', '91'),
('91263', 'El Encanto', '91'),
('91405', 'La Chorrera', '91'),
('91407', 'La Pedrera', '91'),
('91430', 'La Victoria', '91'),
('91460', 'Miriti-Parana', '91'),
('91530', 'Puerto Alegria', '91'),
('91536', 'Puerto Arica', '91'),
('91540', 'Puerto Nariño', '91'),
('91669', 'Puerto Santander', '91'),
('91798', 'Tarapaca', '91'),
('94001', 'Puerto Inirida', '94'),
('94343', 'Barranco Minas', '94'),
('94883', 'San Felipe', '94'),
('94884', 'Puerto Colombia', '94'),
('94885', 'La Guadalupe', '94'),
('94886', 'Cacahual', '94'),
('94887', 'ana Pana (Campo Alegre)', '94'),
('94888', 'Morichal (Morichal Nuevo)', '94'),
('95001', 'San Jose Del Guaviare', '95'),
('95015', 'Calamar', '95'),
('95025', 'El Retorno', '95'),
('95200', 'Miraflores', '95'),
('97001', 'Mitu', '97'),
('97161', 'Caruru', '97'),
('97511', 'Pacoa', '97'),
('97666', 'Taraira', '97'),
('97777', 'Papunaua (Morichal)', '97'),
('97889', 'Yavarate', '97'),
('99001', 'Puerto Carreño', '99'),
('99524', 'La Primavera', '99'),
('99572', 'Santa Rita', '99'),
('99666', 'Santa Rosalia', '99'),
('99760', 'San Jose De Ocune', '99'),
('99773', 'Cumaribo', '99');

-- --------------------------------------------------------

--
-- Estructura de tabla para la tabla `cursos`
--

CREATE TABLE `cursos` (
  `id` int(30) NOT NULL,
  `nombre` varchar(25) COLLATE utf8_unicode_ci NOT NULL,
  `descripcion` varchar(2500) COLLATE utf8_unicode_ci NOT NULL,
  `fecha` timestamp NOT NULL DEFAULT CURRENT_TIMESTAMP ON UPDATE CURRENT_TIMESTAMP,
  `creditos` int(11) DEFAULT NULL,
  `valor` int(11) DEFAULT NULL,
  `foto` varchar(50) COLLATE utf8_unicode_ci DEFAULT NULL
) ENGINE=InnoDB DEFAULT CHARSET=utf8 COLLATE=utf8_unicode_ci;

--
-- Volcado de datos para la tabla `cursos`
--

INSERT INTO `cursos` (`id`, `nombre`, `descripcion`, `fecha`, `creditos`, `valor`, `foto`) VALUES
(5, 'Introduccion al Manejo de', 'Herramientas digital', '2020-07-16 05:00:00', 30, 1000, ''),
(6, 'Auditoria de sistemas', 'Auditar sistemas', '2020-07-16 05:00:00', 20, 2000, ''),
(7, 'atencion', 'atencion al cliente', '2020-07-18 05:00:00', 20, 5000, ''),
(8, 'Primeros Auxilios', 'Buen manejo de los primeros auxilios', '2020-07-18 05:00:00', 20, 0, ''),
(9, 'HTML5 principiantes', 'manejo de herramientas basicas HTML5', '2020-07-17 05:00:00', 20, 2000, '');

-- --------------------------------------------------------

--
-- Estructura de tabla para la tabla `departamento`
--

CREATE TABLE `departamento` (
  `codigo` varchar(2) COLLATE utf8_unicode_ci NOT NULL,
  `nombre` varchar(50) COLLATE utf8_unicode_ci NOT NULL,
  `codPais` varchar(3) COLLATE utf8_unicode_ci NOT NULL
) ENGINE=InnoDB DEFAULT CHARSET=utf8 COLLATE=utf8_unicode_ci;

--
-- Volcado de datos para la tabla `departamento`
--

INSERT INTO `departamento` (`codigo`, `nombre`, `codPais`) VALUES
('05', 'Antioquia', '57'),
('08', 'Atlantico', '57'),
('11', 'Santa Fe de Bogota', '57'),
('13', 'Bolivar', '57'),
('15', 'Boyaca', '57'),
('17', 'Caldas', '57'),
('18', 'Caqueta', '57'),
('19', 'Cauca', '57'),
('20', 'Cesar', '57'),
('23', 'Cordova', '57'),
('25', 'Cundinamarca', '57'),
('27', 'Choco', '57'),
('41', 'Huila', '57'),
('44', 'La Guajira', '57'),
('47', 'Magdalena', '57'),
('50', 'Meta', '57'),
('52', 'Nariño', '57'),
('54', 'Norte de Santander', '57'),
('63', 'Quindio', '57'),
('66', 'Risaralda', '57'),
('68', 'Santander', '57'),
('70', 'Sucre', '57'),
('73', 'Tolima', '57'),
('76', 'Valle', '57'),
('81', 'Arauca', '57'),
('85', 'Casanare', '57'),
('86', 'Putumayo', '57'),
('88', 'San Andres', '57'),
('91', 'Amazonas', '57'),
('94', 'Guainia', '57'),
('95', 'Guaviare', '57'),
('97', 'Vaupes', '57'),
('99', 'Vichada', '57');

-- --------------------------------------------------------

--
-- Estructura de tabla para la tabla `grupofamiliar`
--

CREATE TABLE `grupofamiliar` (
  `id` int(30) NOT NULL,
  `nombres` varchar(30) COLLATE utf8_unicode_ci NOT NULL,
  `apellidos` varchar(30) COLLATE utf8_unicode_ci NOT NULL,
  `edad` varchar(3) COLLATE utf8_unicode_ci NOT NULL,
  `sexo` varchar(1) COLLATE utf8_unicode_ci DEFAULT NULL,
  `celular` varchar(12) COLLATE utf8_unicode_ci NOT NULL,
  `ocupacion` varchar(100) COLLATE utf8_unicode_ci DEFAULT NULL,
  `parentesco` varchar(20) COLLATE utf8_unicode_ci DEFAULT NULL,
  `idTrabajador` varchar(20) COLLATE utf8_unicode_ci NOT NULL
) ENGINE=InnoDB DEFAULT CHARSET=utf8 COLLATE=utf8_unicode_ci;

-- --------------------------------------------------------

--
-- Estructura de tabla para la tabla `inscripcioncursos`
--

CREATE TABLE `inscripcioncursos` (
  `id` int(11) NOT NULL,
  `fecha` timestamp NOT NULL DEFAULT CURRENT_TIMESTAMP ON UPDATE CURRENT_TIMESTAMP,
  `idCursos` int(30) NOT NULL,
  `idTrabajador` varchar(20) CHARACTER SET utf8 COLLATE utf8_unicode_ci NOT NULL
) ENGINE=InnoDB DEFAULT CHARSET=latin1;

--
-- Volcado de datos para la tabla `inscripcioncursos`
--

INSERT INTO `inscripcioncursos` (`id`, `fecha`, `idCursos`, `idTrabajador`) VALUES
(21, '2019-07-04 15:58:55', 5, '2150'),
(22, '2019-07-04 16:33:54', 5, '12345'),
(23, '2019-07-04 16:41:04', 7, '12345'),
(24, '2019-07-04 16:41:07', 6, '12345'),
(25, '2020-07-08 02:32:24', 7, '1085319282'),
(39, '2020-07-18 04:13:33', 6, '5959');

-- --------------------------------------------------------

--
-- Estructura de tabla para la tabla `pais`
--

CREATE TABLE `pais` (
  `codigo` varchar(3) COLLATE utf8_unicode_ci NOT NULL,
  `nombre` varchar(50) COLLATE utf8_unicode_ci NOT NULL
) ENGINE=InnoDB DEFAULT CHARSET=utf8 COLLATE=utf8_unicode_ci;

--
-- Volcado de datos para la tabla `pais`
--

INSERT INTO `pais` (`codigo`, `nombre`) VALUES
('57', 'Colombia');

-- --------------------------------------------------------

--
-- Estructura de tabla para la tabla `trabajador`
--

CREATE TABLE `trabajador` (
  `identificacion` varchar(20) COLLATE utf8_unicode_ci NOT NULL,
  `nombres` varchar(50) COLLATE utf8_unicode_ci NOT NULL,
  `apellidos` varchar(50) COLLATE utf8_unicode_ci NOT NULL,
  `edad` varchar(3) COLLATE utf8_unicode_ci NOT NULL,
  `sexo` varchar(1) COLLATE utf8_unicode_ci NOT NULL,
  `celular` varchar(12) COLLATE utf8_unicode_ci NOT NULL,
  `foto` varchar(50) COLLATE utf8_unicode_ci DEFAULT NULL,
  `direccion` varchar(100) COLLATE utf8_unicode_ci DEFAULT NULL,
  `codCiudad` varchar(5) COLLATE utf8_unicode_ci DEFAULT NULL,
  `usuario` varchar(20) COLLATE utf8_unicode_ci DEFAULT NULL
) ENGINE=InnoDB DEFAULT CHARSET=utf8 COLLATE=utf8_unicode_ci;

--
-- Volcado de datos para la tabla `trabajador`
--

INSERT INTO `trabajador` (`identificacion`, `nombres`, `apellidos`, `edad`, `sexo`, `celular`, `foto`, `direccion`, `codCiudad`, `usuario`) VALUES
('1085319282', 'dayanita', 'martinez', '15', 'F', '3178694268', 'biky20200620104616.png', 'jijiji', '41001', '1085319282'),
('12345', 'Jose', 'Muñoz', '50', 'M', '312', 'adicionar20190124104311201907041025272019070411285', 'cra 34 #36-14 San ignacio', '94888', '12345'),
('2150', 'Carlos', 'Gudiño', '21', 'M', '3164561106', 'yo20190704105841.png', 'El Dorado', '41298', '2150'),
('4435', 'Jimena', 'Perez', '23', 'F', '2323', 'maxresdefault20190703194330.jpg', 'Cra 25 N°12-34', '25019', '4435'),
('5959', 'lucesita', 'bonita', '35', 'F', '3124566', 'Progreso120200717220555.png', 'cra2244', '52001', '5959');

-- --------------------------------------------------------

--
-- Estructura de tabla para la tabla `usuario`
--

CREATE TABLE `usuario` (
  `usuario` varchar(20) COLLATE utf8_unicode_ci NOT NULL,
  `clave` varchar(32) COLLATE utf8_unicode_ci NOT NULL,
  `tipo` varchar(1) COLLATE utf8_unicode_ci NOT NULL
) ENGINE=InnoDB DEFAULT CHARSET=utf8 COLLATE=utf8_unicode_ci;

--
-- Volcado de datos para la tabla `usuario`
--

INSERT INTO `usuario` (`usuario`, `clave`, `tipo`) VALUES
('1085319282', '202cb962ac59075b964b07152d234b70', 'T'),
('12345', '202cb962ac59075b964b07152d234b70', 'T'),
('2150', '202cb962ac59075b964b07152d234b70', 'T'),
('215034181', '1cf0b361bdfa933ca3f54c7ab110daa9', 'A'),
('4435', '202cb962ac59075b964b07152d234b70', 'T'),
('5959', '202cb962ac59075b964b07152d234b70', 'T');

--
-- Índices para tablas volcadas
--

--
-- Indices de la tabla `ciudad`
--
ALTER TABLE `ciudad`
  ADD PRIMARY KEY (`codigo`),
  ADD KEY `codDepartamento` (`codDepartamento`);

--
-- Indices de la tabla `cursos`
--
ALTER TABLE `cursos`
  ADD PRIMARY KEY (`id`);

--
-- Indices de la tabla `departamento`
--
ALTER TABLE `departamento`
  ADD PRIMARY KEY (`codigo`),
  ADD KEY `codPais` (`codPais`);

--
-- Indices de la tabla `grupofamiliar`
--
ALTER TABLE `grupofamiliar`
  ADD PRIMARY KEY (`id`),
  ADD KEY `idTrabajador` (`idTrabajador`);

--
-- Indices de la tabla `inscripcioncursos`
--
ALTER TABLE `inscripcioncursos`
  ADD PRIMARY KEY (`id`),
  ADD KEY `inscripcioncursos_ibfk_1` (`idTrabajador`),
  ADD KEY `idCursos` (`idCursos`);

--
-- Indices de la tabla `pais`
--
ALTER TABLE `pais`
  ADD PRIMARY KEY (`codigo`);

--
-- Indices de la tabla `trabajador`
--
ALTER TABLE `trabajador`
  ADD PRIMARY KEY (`identificacion`),
  ADD KEY `usuario` (`usuario`),
  ADD KEY `codCiudad` (`codCiudad`);

--
-- Indices de la tabla `usuario`
--
ALTER TABLE `usuario`
  ADD PRIMARY KEY (`usuario`);

--
-- AUTO_INCREMENT de las tablas volcadas
--

--
-- AUTO_INCREMENT de la tabla `cursos`
--
ALTER TABLE `cursos`
  MODIFY `id` int(30) NOT NULL AUTO_INCREMENT, AUTO_INCREMENT=10;

--
-- AUTO_INCREMENT de la tabla `grupofamiliar`
--
ALTER TABLE `grupofamiliar`
  MODIFY `id` int(30) NOT NULL AUTO_INCREMENT;

--
-- AUTO_INCREMENT de la tabla `inscripcioncursos`
--
ALTER TABLE `inscripcioncursos`
  MODIFY `id` int(11) NOT NULL AUTO_INCREMENT, AUTO_INCREMENT=40;

--
-- Restricciones para tablas volcadas
--

--
-- Filtros para la tabla `ciudad`
--
ALTER TABLE `ciudad`
  ADD CONSTRAINT `ciudad_ibfk_1` FOREIGN KEY (`codDepartamento`) REFERENCES `departamento` (`codigo`);

--
-- Filtros para la tabla `departamento`
--
ALTER TABLE `departamento`
  ADD CONSTRAINT `departamento_ibfk_1` FOREIGN KEY (`codPais`) REFERENCES `pais` (`codigo`);

--
-- Filtros para la tabla `grupofamiliar`
--
ALTER TABLE `grupofamiliar`
  ADD CONSTRAINT `grupofamiliar_ibfk_1` FOREIGN KEY (`idTrabajador`) REFERENCES `trabajador` (`identificacion`);

--
-- Filtros para la tabla `inscripcioncursos`
--
ALTER TABLE `inscripcioncursos`
  ADD CONSTRAINT `inscripcioncursos_ibfk_1` FOREIGN KEY (`idTrabajador`) REFERENCES `trabajador` (`identificacion`),
  ADD CONSTRAINT `inscripcioncursos_ibfk_2` FOREIGN KEY (`idCursos`) REFERENCES `cursos` (`id`);

--
-- Filtros para la tabla `trabajador`
--
ALTER TABLE `trabajador`
  ADD CONSTRAINT `trabajador_ibfk_1` FOREIGN KEY (`usuario`) REFERENCES `usuario` (`usuario`),
  ADD CONSTRAINT `trabajador_ibfk_2` FOREIGN KEY (`codCiudad`) REFERENCES `ciudad` (`codigo`);
COMMIT;

/*!40101 SET CHARACTER_SET_CLIENT=@OLD_CHARACTER_SET_CLIENT */;
/*!40101 SET CHARACTER_SET_RESULTS=@OLD_CHARACTER_SET_RESULTS */;
/*!40101 SET COLLATION_CONNECTION=@OLD_COLLATION_CONNECTION */;
